id,first_name,last_name,email,gender,ip_address
1,Denise,Arnow,darnow0@soundcloud.com,Female,173.47.250.167
2,Lenee,Clague,lclague1@miitbeian.gov.cn,Female,254.10.78.105
3,Freemon,Fisby,ffisby2@skyrock.com,Male,60.190.142.45
4,Loydie,Kinnaird,lkinnaird3@weibo.com,Male,135.150.179.225
5,Cedric,Wink,cwink4@hc360.com,Male,230.197.44.168
6,Mac,Brearton,mbrearton5@howstuffworks.com,Male,88.91.116.129
7,Caresse,Leathwood,cleathwood6@dedecms.com,Female,139.197.60.233
8,Lindy,Ferroli,lferroli7@lycos.com,Male,50.48.148.250
9,Darius,Hinsche,dhinsche8@xing.com,Male,98.74.128.250
10,Bevin,McElvogue,bmcelvogue9@diigo.com,Male,151.74.19.20
11,Prudi,Paddemore,ppaddemorea@indiegogo.com,Female,251.114.145.247
12,Nicoli,Banasevich,nbanasevichb@godaddy.com,Female,89.141.231.111
13,Jewell,Howlett,jhowlettc@fastcompany.com,Polygender,107.205.174.251
14,Cortie,Vondrys,cvondrysd@mac.com,Male,106.250.194.95
15,Lucias,Godding,lgoddinge@devhub.com,Male,161.72.32.120
16,Clotilda,Cubbinelli,ccubbinellif@mozilla.org,Female,128.67.122.97
17,Maddie,Faivre,mfaivreg@spiegel.de,Female,240.56.89.160
18,Percival,Petican,ppeticanh@last.fm,Male,70.248.20.215
19,Patton,Olligan,polligani@hibu.com,Male,34.138.7.238
20,Avigdor,Kelwick,akelwickj@twitter.com,Male,39.86.58.175
21,Rahel,Dimitriades,rdimitriadesk@indiatimes.com,Female,116.112.157.52
22,Kary,Pavek,kpavekl@imageshack.us,Female,87.231.86.96
23,Modesty,Ebenezer,mebenezerm@webnode.com,Female,127.168.149.68
24,Kele,Mendus,kmendusn@people.com.cn,Male,46.148.35.22
25,Erin,Goodacre,egoodacreo@hostgator.com,Male,183.115.233.168
26,Dannel,Borland,dborlandp@twitpic.com,Male,89.134.205.19
27,Rozele,Imlacke,rimlackeq@japanpost.jp,Female,52.68.92.219
28,Boy,Bernadon,bbernadonr@clickbank.net,Male,232.6.117.0
29,Timmy,Cranch,tcranchs@xing.com,Male,11.168.14.73
30,Silva,Ayscough,sayscought@yandex.ru,Female,128.39.41.203
31,Dalton,Wright,dwrightu@ed.gov,Male,42.70.14.222
32,Burt,Wisher,bwisherv@google.it,Male,253.115.126.49
33,Willetta,Georgi,wgeorgiw@spotify.com,Female,0.40.201.203
34,Gustavo,MacCollom,gmaccollomx@cdc.gov,Male,159.1.167.17
35,Marius,Lopes,mlopesy@ed.gov,Male,141.196.47.1
36,Antonella,McMahon,amcmahonz@netvibes.com,Agender,65.165.182.194
37,Ashley,Dene,adene10@yale.edu,Female,191.104.224.135
38,Emmye,Corro,ecorro11@narod.ru,Female,146.179.49.253
39,Inez,Jeens,ijeens12@auda.org.au,Female,5.116.60.239
40,Dorothea,Kornes,dkornes13@infoseek.co.jp,Female,122.163.237.182
41,Meggi,Ochterlonie,mochterlonie14@photobucket.com,Genderqueer,71.110.51.142
42,Dorolice,Heinsh,dheinsh15@netlog.com,Female,252.22.153.88
43,Verne,Cassella,vcassella16@wikipedia.org,Male,79.114.30.177
44,Saunderson,Vanini,svanini17@go.com,Male,89.107.79.34
45,Clyde,Simenot,csimenot18@devhub.com,Polygender,222.61.138.78
46,Toddie,Filpi,tfilpi19@census.gov,Male,241.27.108.142
47,Ferd,Lias,flias1a@baidu.com,Male,208.35.179.42
48,Berthe,McKinstry,bmckinstry1b@blogs.com,Female,147.112.55.242
49,Sallyanne,Cassells,scassells1c@sphinn.com,Female,21.170.4.148
50,Asher,Scocroft,ascocroft1d@free.fr,Male,221.173.78.207
51,Enrique,Thorndycraft,ethorndycraft1e@hhs.gov,Male,155.224.3.80
52,Nissa,Reichelt,nreichelt1f@google.fr,Female,191.158.163.137
53,Vivien,Reynolds,vreynolds1g@nhs.uk,Female,200.124.212.76
54,Harland,Oret,horet1h@infoseek.co.jp,Male,3.52.64.30
55,Heall,Bowstead,hbowstead1i@exblog.jp,Male,84.226.149.66
56,Bessy,Queenborough,bqueenborough1j@google.de,Female,60.231.189.46
57,Malanie,Redborn,mredborn1k@ow.ly,Female,91.77.66.77
58,Vernen,Tennock,vtennock1l@admin.ch,Male,70.49.154.8
59,Julienne,Craker,jcraker1m@howstuffworks.com,Female,120.19.250.92
60,Milt,Downham,mdownham1n@fema.gov,Male,28.149.18.248
61,Ailis,Mole,amole1o@newyorker.com,Female,28.138.48.169
62,Hermie,Apps,happs1p@bravesites.com,Male,51.25.62.142
63,Benedetto,Pacitti,bpacitti1q@noaa.gov,Male,198.148.1.11
64,Carolann,Burnsall,cburnsall1r@hexun.com,Female,233.167.108.38
65,Silas,Petras,spetras1s@xinhuanet.com,Male,42.47.3.181
66,Kimberlee,Peerless,kpeerless1t@ovh.net,Female,48.0.184.123
67,Rodd,Severns,rseverns1u@wsj.com,Male,22.41.55.120
68,Tallou,Vreiberg,tvreiberg1v@hao123.com,Female,209.248.84.216
69,Harlin,Chrippes,hchrippes1w@surveymonkey.com,Male,80.48.38.128
70,Gilbert,Pieterick,gpieterick1x@smugmug.com,Male,142.176.15.40
71,Cornie,Poller,cpoller1y@about.com,Male,172.95.150.13
72,Danny,McBayne,dmcbayne1z@va.gov,Female,175.19.241.22
73,Cary,Puncher,cpuncher20@delicious.com,Female,126.116.53.211
74,Taylor,McAsgill,tmcasgill21@furl.net,Male,206.117.225.241
75,Millisent,Stert,mstert22@amazonaws.com,Female,156.196.4.226
76,Ivar,Brauner,ibrauner23@github.io,Male,98.199.31.161
77,Elyse,Raisbeck,eraisbeck24@miibeian.gov.cn,Female,162.49.252.208
78,Adelheid,Guppy,aguppy25@aboutads.info,Female,126.224.253.178
79,Derwin,Tribe,dtribe26@dion.ne.jp,Male,160.255.162.206
80,Rosanna,Lukash,rlukash27@toplist.cz,Bigender,33.109.63.37
81,Natalya,Kitcatt,nkitcatt28@domainmarket.com,Genderqueer,182.59.29.58
82,Dmitri,Wimpey,dwimpey29@ucsd.edu,Male,3.95.81.87
83,Mahmoud,Neeve,mneeve2a@bandcamp.com,Non-binary,216.203.20.40
84,Lambert,Manktelow,lmanktelow2b@php.net,Male,20.50.221.252
85,Rudolph,Cucuzza,rcucuzza2c@microsoft.com,Male,37.2.239.28
86,Nanci,Hellyer,nhellyer2d@vimeo.com,Female,183.37.197.204
87,Mendy,Paulson,mpaulson2e@npr.org,Male,161.139.151.210
88,Waneta,Lainton,wlainton2f@tripod.com,Female,141.197.26.222
89,Tanhya,Flescher,tflescher2g@noaa.gov,Female,32.245.123.136
90,Torrie,Cultcheth,tcultcheth2h@answers.com,Non-binary,236.99.78.63
91,Lilian,Cregg,lcregg2i@businessinsider.com,Female,186.27.84.97
92,Dorey,Depka,ddepka2j@cpanel.net,Male,234.20.114.205
93,Nicol,Greeveson,ngreeveson2k@reuters.com,Male,4.18.229.223
94,Collen,Amphlett,camphlett2l@soup.io,Female,108.54.151.205
95,Kit,Unworth,kunworth2m@prnewswire.com,Female,241.87.115.0
96,Henrieta,Whiston,hwhiston2n@gravatar.com,Female,4.133.147.241
97,Karlis,Crocker,kcrocker2o@bizjournals.com,Male,182.16.196.187
98,Osbourn,Large,olarge2p@patch.com,Male,56.236.49.135
99,Abbe,Redsall,aredsall2q@youku.com,Genderfluid,197.153.108.33
100,Catrina,Peniello,cpeniello2r@jimdo.com,Female,251.78.215.17
